id,duration,guess1,condition,guess2,similar,confidence,use_gpt
1671,130,4000,1,5000,3,3,4
1496,209,1000,0,1200,,3,2
807,196,600,1,600,1,1,2
1664,134,700,0,500,,1,3
11,135,4000,2,4000,3,2,3
949,107,400,0,600,,1,1
477,100,1000,2,1200,2,4,5
784,224,1200,1,1264,4,4,4
990,211,10000,2,,2,2,3
354,154,237,1,800,1,2,3
442,129,3000,0,2500,,3,4
1442,256,1500,1,,4,3,4
1393,101,200,1,200,3,1,2
1810,113,150,0,200,,1,4
501,135,2500,0,1200,,2,2
535,252,800,0,600,,4,4
966,173,2000,2,2000,3,4,3
350,213,1600,2,1000,2,3,2
1467,168,5000,0,,,3,3
1633,108,600,0,800,,2,3
1395,179,475,2,475,4,2,4
1386,155,500,1,,4,2,4
1230,199,1500,2,1200,3,2,1
1115,169,1000,2,1000,4,2,1
148,468,1300,2,1400,4,3,2
844,175,2000,2,2500,1,3,2
697,203,3500,0,,,3,2
1324,252,500,1,500,2,4,3
1625,207,1100,0,1025,,5,5
1110,204,1000,2,1000,4,4,2
565,192,7500,0,7500,,3,2
1507,368,5000,2,5000,4,4,4
1118,223,140,2,230,3,3,4
313,156,40000,1,,1,2,2
1219,224,450,0,500,,2,3
1344,156,800,1,1200,2,1,2
377,89,1500,0,2000,,4,3
825,206,4000,0,4000,,1,2
902,226,3500,2,,3,3,2
1266,360,950,0,950,,2,3
662,110,20000,2,,4,3,1
1509,221,650,1,,4,2,3
282,219,1500,1,2500,4,3,3
92,189,1500,1,1500,3,3,1
432,239,400,1,500,3,2,3
1600,151,850,0,850,,3,4
895,261,2220,0,2220,,2,2
271,121,1000,1,2000,2,3,3
627,154,2500,1,,2,3,4
1889,111,4000,2,3000,2,1,3
1557,345,4000,1,4500,2,3,2
386,274,5000,0,10000,,3,3
831,73,3000,0,3000,,2,2
858,299,3000,1,3000,2,4,3
1140,106,1000,0,999,,2,4
1701,141,1000,0,1200,,1,1
681,183,2500,1,3000,1,3,2
86,277,1300,2,1400,3,3,2
267,278,500,0,600,,2,5
134,255,2700,2,2700,3,3,1
1421,237,3276,0,4297,,2,1
853,290,2500,0,2500,,3,1
836,318,1400,1,,2,2,1
1498,149,2500,2,4000,4,4,5
1263,162,278,0,384,,1,5
45,126,850,0,1000,,2,2
1173,108,10000,2,,3,4,2
245,372,1500,1,2500,1,2,3
1566,123,1400,0,1400,,3,4
77,223,750,0,1000,,2,2
942,582,1500,0,,,3,3
423,158,2000,0,2000,,3,1
1210,98,350,2,500,3,4,2
1779,203,560,2,711,3,2,3
504,500,1500,2,1300,4,4,1
1245,139,28000,2,,3,2,1
117,310,1200,2,1260,1,2,1
94,154,4000,0,,,3,5
552,240,6500,0,2000,,1,2
1162,211,7000,1,5500,4,2,1
1550,471,4200,2,4200,4,2,1
856,146,1120,2,1120,1,3,4
821,369,1284,1,1284,1,1,1
1680,377,10000,2,4000,3,1,4
252,163,1567,0,,,5,5
920,235,2400,1,2300,3,3,1
750,127,1000,1,,4,4,5
1361,99,500,0,,,1,1
1545,174,375,1,,1,2,1
1869,106,700,2,700,4,3,5
1768,152,1500,2,1700,3,2,4
1559,155,350,2,,4,3,2
1606,401,1056,1,1050,4,2,5
1315,151,5000,2,4000,2,3,1
1819,476,3500,0,2500,,2,2
1716,200,700,2,800,3,2,2
1218,143,500,2,500,3,2,2
1508,144,2555,2,2600,4,3,4
1696,143,1800,0,1800,,2,3
1771,175,700,0,700,,2,1
217,44,1120,2,1120,1,3,4
1143,359,5000,1,1000,1,3,5
1018,173,2500,2,2800,2,2,2
704,514,700,1,,3,3,4
1227,276,1027,2,1027,3,1,1
1373,179,1400,0,,,1,3
711,401,1000,0,2000,,2,3
510,172,1000,1,1000,3,4,3
864,239,2190,0,2200,,2,2
1899,198,4000,0,,,2,4
883,164,1500,2,1200,3,3,1
382,179,3500,0,5000,,3,2
332,136,1200,0,1200,,4,4
469,142,800,1,800,1,3,2
1087,266,10000,2,,2,4,3
1180,178,1450,1,1700,3,2,1
339,174,2000,2,,4,2,1
1495,179,460,2,,2,3,2
1786,225,3500,2,4000,4,2,2
1542,137,6,1,3,3,2,3
1452,186,300,0,,,5,3
397,202,12000,2,,1,3,4
834,155,4250,2,3750,2,4,1
13,177,1000,0,2000,,2,1
1822,223,1200,0,1300,,3,5
1378,208,2176,0,,,2,3
723,468,850,2,1500,3,2,4
827,177,2000,0,2000,,3,1
1728,464,2500,2,,3,3,4
1829,140,800,1,800,2,3,1
527,311,550,1,620,4,3,3
956,147,4000,2,4000,3,2,1
1770,74,2000,2,,3,4,4
1150,167,200,1,250,3,1,1
1208,207,2000,1,2000,1,2,1
706,241,650,1,980,1,2,2
1273,401,3200,1,3200,4,3,4
238,223,900,1,900,3,4,3
198,210,450,0,475,,3,2
778,107,30000,1,,2,3,2
553,431,2500,0,2700,,3,1
931,158,5000,0,,,1,1
1713,148,1500,0,1200,,3,3
948,206,1300,0,1400,,1,3
1668,68,6000,1,6000,4,2,4
1674,114,1500,2,900,2,2,1
1364,186,3500,1,,4,3,5
587,172,1000,1,1000,2,5,1
703,195,1000,0,800,,2,1
325,159,450,0,,,2,2
828,220,800,2,,3,2,2
1522,131,500,2,500,2,3,3
679,301,10000,2,100000,3,4,1
113,172,2460,2,,3,3,4
845,313,10000,1,5000,2,1,2
1902,352,1400,1,,4,3,1
227,334,1650,0,1900,,2,4
324,379,10000,2,,3,4,3
517,129,500,0,750,,3,3
680,493,510,0,850,,2,3
729,152,550,0,,,3,3
1855,245,550,1,950,2,3,1
235,63,2000,0,2000,,3,2
348,328,980,2,714,1,3,2
218,174,2300,0,2000,,5,3
943,211,800,1,1000,1,1,2
1264,214,1000,0,1000,,1,1
1684,114,300,1,400,4,1,3
815,169,5000,1,,2,3,1
650,142,3000,2,6000,3,3,1
1742,178,329,2,,3,3,2
39,164,1300,0,1800,,3,2
626,361,1247,1,,2,1,1
1588,148,2500,2,,1,2,2
1223,89,5000,1,,2,3,1
299,136,2000,1,3000,1,2,4
454,262,2500,0,2500,,2,3
562,224,10000,1,10000,1,5,1
366,187,3000,1,1800,4,1,2
1202,90,12000,0,,,3,1
987,62,700,2,700,3,2,4
1316,89,2000,0,1500,,1,1
1759,496,1000,1,3600,3,3,2
367,80,2000,1,2000,1,2,2
89,277,350,0,400,,4,2
405,166,2000,2,2500,2,1,1
1862,251,3000,0,3000,,4,3
9,429,2500,2,2400,3,3,4
1106,547,1500,2,1500,3,2,3
388,98,800,0,800,,3,2
14,148,1100,0,1100,,2,3
1444,124,1200,2,1400,3,2,2
1233,65,3000,2,3000,2,5,3
28,158,2000,2,2000,4,3,2
1523,204,38000,2,38000,1,2,5
1813,137,2000,1,2000,4,3,4
1614,159,1550,0,1550,,1,2
786,163,600,0,600,,3,3
154,109,2723,2,2723,4,2,2
187,254,250,0,300,,3,2
1275,397,2500,2,,4,3,5
1294,197,1650,2,2000,2,2,5
762,100,1000,0,750,,1,2
496,352,2000,2,1800,4,3,1
406,187,2000,1,2000,2,4,1
720,176,2500,0,3000,,4,5
1488,377,4594,2,2535,2,3,3
340,354,1000,0,10000,,1,3
582,442,1750,0,2100,,3,3
674,159,2000,1,1800,4,1,1
1628,243,500,2,500,3,4,3
1203,88,2000,2,1750,3,2,2
997,275,550,2,2000,3,3,2
1388,119,4500,0,4000,,2,2
993,159,500,2,500,3,3,1
1806,209,2000,1,2000,4,4,1
800,107,1000,2,,4,3,4
1005,283,241,2,241,4,3,3
1201,205,300,0,300,,3,3
259,399,5500,1,2000,2,2,1
1171,280,2700,1,,1,1,4
1888,129,1267,0,1389,,2,2
358,170,3000,0,1500,,1,1
781,130,274,1,345,1,2,4
1045,335,3000,1,3000,4,4,2
1544,187,2000,2,,3,3,2
1177,302,1000,2,1060,4,2,4
1670,221,6000,0,6000,,4,3
1303,341,950,1,,2,2,1
336,238,5000,0,,,3,3
1404,131,2500,2,2500,3,1,4
268,293,5000,1,3000,4,3,2
1581,186,6000,2,8000,4,3,3
1762,296,2000,0,2000,,4,2
1129,387,2400,2,2400,3,3,3
967,309,1700,2,,2,3,4
260,380,3500,0,3600,,4,3
202,139,1500,1,1500,2,2,2
389,330,500,2,450,1,3,5
637,126,10000,2,,1,2,2
95,166,10000,1,5000,3,2,2
1622,105,8000,0,8000,,5,1
1730,138,2000,1,,4,1,2
1428,206,1000,1,,2,3,2
1717,124,19876,2,,3,2,2
24,201,1800,1,3600,2,1,1
1229,334,2000,1,2800,3,2,2
1032,142,2400,1,2000,1,1,4
1095,161,1000,0,1000,,3,1
1503,223,15000,0,,,1,1
996,191,400,2,400,3,2,1
300,230,450,1,750,3,3,5
1884,320,1300,0,800,,1,2
621,412,10000,0,9000,,3,4
1640,182,1700,2,1600,3,3,3
1896,232,1900,2,1250,2,2,4
938,307,300,0,300,,3,1
363,193,2000,1,2000,1,3,4
557,355,35000,0,,,4,1
1893,151,950,1,,4,3,1
301,188,1200,0,1200,,1,2
783,136,940,0,940,,4,3
224,81,2500,0,1300,,1,2
796,286,950,0,900,,4,1
220,250,1500,0,1750,,3,2
659,167,1000,1,1000,4,2,5
93,69,526,0,550,,2,5
273,612,455,2,620,3,2,2
437,218,1460,1,1460,4,4,4
766,212,230,0,,,2,2
923,314,1500,1,1000,3,3,2
1429,186,458,1,,3,3,4
696,143,500,1,1400,1,4,2
1864,149,4000,2,,3,2,1
305,103,2000,2,1800,4,1,1
1449,285,1000,1,1000,3,3,3
1456,196,8000,1,,3,3,4
1736,135,2500,2,2500,3,3,4
771,130,200,1,350,3,1,3
1521,130,2500,0,2700,,3,1
913,274,500,2,2000,3,1,4
374,169,3000,2,,2,2,1
563,403,2800,0,2400,,3,5
560,191,2000,2,1500,3,2,4
1411,444,300,1,2500,2,2,1
586,195,3000,0,4000,,2,1
1464,300,5000,0,6000,,2,2
894,153,2000,0,2000,,2,1
581,145,500,1,600,3,2,2
1236,474,5000,1,5000,1,2,5
734,133,900,0,900,,3,4
1527,196,900,0,1000,,1,1
449,140,1500,1,2000,2,3,4
1102,470,12000,1,14000,3,3,2
1774,161,1200,0,1200,,2,1
1410,285,350,2,400,1,2,3
343,215,348,2,369,2,2,2
429,398,860,1,580,4,3,2
1037,148,1250,1,1250,4,2,3
1243,321,4000,0,5000,,3,2
1128,134,1500,2,3000,3,3,3
1761,269,3000,2,1300,2,2,2
653,232,1000,1,1000,4,3,1
311,177,800,0,700,,3,2
191,209,2000,2,,3,3,4
1842,309,1500,2,2000,4,1,2
214,242,400,2,2040,,1,5
951,154,846,1,1300,4,2,1
1651,103,300,0,300,,3,2
893,106,1000,0,1200,,2,1
1281,122,1400,1,1400,3,3,2
434,95,2500,2,2500,4,3,2
1046,298,1700,0,,,2,4
712,277,880,2,880,4,3,1
1363,222,1200,0,1200,,3,1
1765,205,1400,2,,3,3,2
511,216,345,2,450,1,3,3
1564,143,380,1,380,3,2,5
671,142,219,2,237,1,3,2
1746,81,500,0,500,,4,4
213,317,1200,0,1200,,3,3
1669,125,520,0,520,,3,1
1848,252,600,2,600,1,2,2
490,471,340,2,340,4,4,4
689,519,2500,2,2000,4,5,3
495,204,1650,2,1500,4,4,2
1623,96,8000,0,8000,,3,2
1043,163,1200,0,2500,,3,4
433,450,500,2,500,3,4,2
1463,121,500,0,700,,4,4
1638,225,600,2,,3,2,1
1085,282,850,1,850,4,5,5
1574,567,5000,1,3000,1,1,1
1081,262,500,2,1500,3,3,3
1555,152,1000,0,1000,,3,1
899,228,4000,1,4.5,3,3,5
975,368,3000,0,3000,,4,1
74,165,800,0,750,,1,1
549,277,222,1,,4,4,2
1836,370,10000,0,10000,,2,3
316,174,450,1,,3,4,2
466,235,5000,1,5000,1,3,4
735,90,300,1,,1,2,1
1672,232,2250,2,540,2,2,2
862,73,480,0,480,,1,2
1571,175,1500,0,1500,,2,2
1886,189,2000,1,,4,3,1
1060,78,600,1,1000,2,1,2
701,254,1000,0,1000,,1,3
359,147,1100,2,1000,3,1,1
1639,261,1500,1,1000,1,3,2
1658,226,2500,1,3000,4,3,1
1436,134,600,2,1400,4,3,4
1368,492,1111,2,1111,4,4,4
936,158,700,2,800,3,3,2
1846,263,1000,2,800,3,2,1
1445,151,,1,210,3,3,2
247,193,500,1,500,2,2,5
1088,193,2400,2,,2,3,3
1546,210,500,0,450,,2,1
1423,166,400,1,,1,1,2
275,169,3500,0,3500,,4,2
315,262,656,0,656,,3,3
72,183,20000,1,20000,1,2,1
1332,353,3000,2,,1,2,2
293,198,1000,0,1500,,3,4
1260,160,2500,0,2200,,2,1
1004,111,600,0,500,,2,3
1158,56,500,2,1500,3,3,3
1019,279,2000,0,2500,,3,2
1710,103,600,0,1000,,2,2
1687,348,1400,2,1300,3,2,1
537,181,1612,2,,3,3,1
1659,203,2500,2,1600,3,2,1
645,148,2500,2,,1,2,2
790,158,300,0,300,,2,1
427,221,3000,2,5000,2,3,2
1331,210,3000,1,3000,3,3,3
652,753,1000,1,4500,4,3,3
296,182,2100,2,1800,3,3,3
373,474,1800,1,1800,3,2,2
1340,131,670,1,,4,2,5
1478,142,10000,1,10000,2,4,4
600,150,2000,1,2500,2,2,2
261,96,400,0,400,,4,5
888,187,2000,2,1900,4,2,3
380,219,1000,2,1500,1,2,3
654,111,60000,1,60000,3,2,5
1399,209,1300,1,1300,3,2,3
500,232,560,1,560,3,2,1
36,266,800,2,800,4,3,2
1519,218,3641,1,1098,2,2,1
1715,215,30000,2,250000,3,2,2
545,85,1000,2,2300,2,2,4
211,301,700,1,700,4,4,5
1226,308,8000,1,2000,2,3,3
1240,150,679,0,800,,1,3
195,197,1000,0,800,,3,4
376,114,500,0,500,,3,2
974,109,527,0,1205,,2,4
368,358,1600,2,,4,3,1
48,148,1000,1,1000,1,2,4
973,152,800,1,800,2,2,3
306,171,600,0,750,,3,4
1360,273,400,1,,4,4,5
1067,119,8000,1,8000,2,3,2
777,219,2000,0,2500,,3,3
1832,480,5000,2,1500,3,3,3
589,104,3500,1,,2,4,2
718,195,1200,1,1200,3,3,2
1517,567,35000,2,18000,2,4,4
1723,157,200000,1,200,3,2,3
170,116,3000,1,3000,4,1,2
68,255,1400,2,,4,5,2
644,216,800,0,850,,3,2
1561,120,867,0,1000,,3,1
122,213,500,0,600,,2,2
1657,288,5000,2,2500,1,1,3
298,169,2000,0,2000,,4,2
365,384,1100,1,800,3,1,2
177,119,1000,0,1000,,2,1
541,240,1200,2,1100,4,4,5
1613,225,800,0,600,,4,4
441,257,700,1,370,3,1,1
1138,284,4200,0,6000,,2,2
731,345,2000,0,2000,,4,3
455,153,1000,1,1500,3,3,4
1246,760,20000,2,20000,3,3,1
756,255,2800,2,2000,3,1,3
889,101,1000,0,1000,,3,3
1124,711,2500,0,6000,,2,3
1648,348,800,2,800,2,2,2
1548,108,1300,0,2400,,3,1
194,166,3000,1,2500,1,2,2
139,553,1200,1,,3,3,1
1737,253,600,0,,,2,2
630,296,2000,2,2000,3,3,3
1678,459,5000,2,3500,1,1,3
446,494,1150,1,1400,3,1,2
1828,196,1900,0,1500,,3,2
71,298,950,0,940,,3,4
634,227,350,1,1000,1,5,3
963,150,14000,1,,4,3,2
378,392,4000,2,4000,3,2,1
1604,272,780,0,600,,5,3
1598,231,2000,1,,2,2,2
158,141,500,2,1000,1,2,2
994,90,900,1,900,4,3,1
609,214,3200,2,2000,3,3,4
1154,205,600,2,800,1,3,2
726,127,4000,2,4000,3,1,3
232,630,2500,0,2500,,3,1
1194,162,700,0,700,,3,3
1412,270,1500,2,1650,4,2,1
1321,230,6000,2,,4,4,1
1402,120,600,1,600,1,4,2
1468,174,8000,1,6500,2,3,2
1755,214,600,2,,4,4,4
1296,255,4000,2,4000,4,3,1
773,107,2700,0,2700,,1,1
60,292,2000,1,3000,3,3,5
857,187,1250,0,1250,,3,2
1041,71,10000,1,10000,3,4,4
22,271,800,0,1100,,4,5
73,427,2500,2,2500,3,3,1
426,143,1200,0,900,,2,1
1050,194,20000,1,,2,1,1
1843,323,1000,1,1000,3,3,4
319,86,1250,1,,4,3,3
357,205,495,2,,4,2,1
829,172,3000,1,3000,2,3,3
776,723,1500,2,2200,2,3,4
985,472,700,2,600,2,2,2
164,120,2000,0,2000,,4,4
1181,312,500,0,400,,2,5
2,78,8000,2,8000,2,3,2
1188,143,3000,1,3000,1,1,1
114,324,2500,1,,4,2,1
286,267,3000,2,2500,3,2,3
1477,157,1200,0,1200,,1,2
470,186,2000,2,,1,2,1
577,88,1000,2,1000,4,2,2
1274,184,2000,0,2000,,2,4
197,204,850,2,600,1,1,2
1433,233,500,1,520,4,3,3
1293,265,2000,0,2100,,3,2
1565,344,3000,1,3000,4,4,2
1845,215,400,1,400,4,3,3
840,158,1000,1,750,1,1,4
667,196,1600,0,1600,,2,2
1462,480,4500,1,3000,3,3,3
385,120,3500,0,3000,,3,2
19,158,400,0,400,,3,3
1335,270,3000,2,4000,3,2,2
345,230,3500,1,3500,2,2,1
1064,262,700,0,900,,1,3
283,216,3000,2,3000,3,1,2
934,218,1300,0,1600,,3,3
1611,86,2000,0,,,2,1
1880,237,2800,0,2750,,1,3
1760,361,800,2,1000,3,3,5
747,176,1400,1,1400,3,2,1
15,392,2500,2,1600,1,1,3
1792,646,2000,1,2500,2,2,5
1626,301,600,2,700,4,2,1
1299,210,10000,1,10000,2,3,2
1593,125,1000,1,1000,4,2,5
1783,80,400,0,,,2,1
953,282,800,1,,3,2,1
1883,124,50000,0,70000,,2,3
234,196,2000,2,3500,4,2,3
1877,336,1000,1,,1,3,2
1656,174,1250,2,1200,2,2,2
1269,73,250,2,250,1,3,4
459,195,500,2,650,3,2,3
1385,161,4000,1,4000,2,3,1
1417,178,1000,0,1000,,5,2
1551,149,500,1,500,2,3,3
877,149,12000,0,15000,,3,2
347,205,15000,1,15000,4,3,3
536,64,10000,0,,,4,4
1887,228,600,0,500,,1,3
1125,140,750,2,750,4,3,3
314,143,5000,1,2000,3,2,1
1021,466,5000,1,3500,2,1,3
258,238,8000,2,,3,3,2
1058,263,2900,2,2000,3,3,2
1578,288,1500,2,1000,3,2,3
1863,146,1000,1,2000,3,2,3
297,247,2500,0,2000,,3,3
1270,322,1500,1,,2,3,3
929,910,2500,2,2200,2,2,1
129,295,1450,0,,,2,1
764,256,7000,1,,1,2,4
115,148,3000,0,3000,,1,5
749,283,3200,2,2900,3,2,2
1130,333,900,1,900,4,5,2
1890,223,2500,0,2500,,2,2
991,200,200,0,250,,3,3
1358,252,960,1,,2,3,2
32,148,2000,0,2500,,2,1
663,194,2000,2,2000,3,2,2
1839,474,10000,1,15000,1,4,1
1028,248,1500,2,1000,3,1,2
691,261,1350,0,,,3,2
955,176,1250,1,,3,2,1
1420,48,257,0,,,2,2
727,111,400,1,800,3,2,2
806,161,1120,0,1300,,3,3
1284,145,1600,0,1500,,2,1
619,220,2500,1,2500,3,2,2
928,154,1187,2,,4,2,1
1621,140,340,0,380,,1,2
1695,211,20000,1,20000,1,3,1
623,158,1000,0,1000,,2,2
494,287,450,2,550,4,2,3
381,421,650,2,4000,3,3,3
547,404,10000,1,10000,2,3,5
1853,167,1500,1,1500,2,2,5
1526,340,1000,0,,,2,4
1738,124,500,0,2040,,2,2
111,124,1500,0,1500,,1,1
688,160,4000,2,2000,1,2,2
1720,175,1000,1,1200,3,2,1
1873,207,960,0,1100,,1,1
695,162,3000,0,3000,,2,1
958,126,500,0,500,,3,4
1860,255,600,2,,3,2,3
138,242,500,1,,4,4,1
157,70,6000,0,6500,,3,3
1808,189,1600,2,,3,3,2
989,171,1500,1,,3,4,3
445,192,1200,2,1300,3,3,3
1342,149,4000,0,4000,,2,3
1185,289,500,2,,1,3,2
531,368,5000,1,3500,3,2,2
601,363,1000,2,1000,3,3,3
1225,301,4000,1,,1,3,4
765,155,3000,2,3500,3,3,1
1773,341,4793,2,,1,2,4
1366,216,500,0,550,,3,2
515,311,2500,0,,,3,2
222,442,1500,1,2000,2,1,3
793,196,1500,1,2000,1,1,4
952,185,1000,2,,3,2,2
1370,1052,300,0,500,,2,3
1891,438,500,0,800,,2,4
1558,334,4800,2,4800,4,3,3
1903,151,2100,1,3000,3,2,4
837,239,5000,1,,1,1,1
693,246,4500,1,5000,1,1,1
1596,156,2000,2,,3,3,2
1662,183,800,1,,1,1,3
121,175,1600,1,1600,4,2,1
20,238,4000,1,4000,4,1,1
451,385,10000,2,2000,3,5,5
1649,356,4000,2,4000,4,4,2
1554,396,20000,2,10000,3,2,2
959,99,609,0,,,3,1
583,195,2100,1,2800,3,3,1
809,344,800,0,2000,,3,2
208,177,1240,2,,1,1,5
4,230,2000,2,2000,3,3,3
1139,346,50000,2,,3,1,1
503,272,2000,0,2000,,4,4
419,61,1200,0,1200,,1,2
1439,349,1600,1,1200,3,3,4
78,239,1500,1,1500,3,3,4
125,93,1300,1,1300,2,3,3
1113,254,10000,1,,3,4,3
1879,252,800,1,1000,3,1,5
1900,1050,2000,0,2000,,3,3
1661,141,300,2,,4,3,1
699,195,12000,2,12500,2,4,2
303,347,5500,2,5500,4,5,4
512,172,800,0,,,2,2
1859,161,10000,0,5000,,1,1
614,1202,500,1,1500,3,3,4
1630,559,3500,1,3200,3,2,4
954,147,5000,0,5000,,3,2
1012,261,1000,1,1000,2,2,1
792,107,500,0,600,,1,1
66,186,1100,2,,4,2,5
683,197,4000,0,3500,,1,2
598,117,2000,0,,,2,4
355,188,1700,1,2000,4,2,4
277,119,4600,1,,1,3,2
617,141,1000,2,,2,3,5
841,256,700,2,800,2,2,3
193,245,1267,2,1267,4,3,1
165,517,1550,2,1655,3,3,3
422,114,2000,0,1500,,3,1
1885,129,435,0,,,4,3
516,996,300,2,500,3,3,1
41,382,5600,1,3800,4,2,2
921,158,800,0,1050,,3,1
400,58,200,0,200,,2,2
698,114,1000,1,5000,1,4,5
168,167,1000,2,3000,4,1,4
57,109,850,0,850,,5,5
242,206,7500,0,5500,,1,1
393,135,410,1,830,1,2,2
415,201,592,0,800,,3,2
1513,175,1750,1,,2,2,2
1182,454,10000,1,5000,3,2,4
690,318,2000,2,,1,2,1
1237,89,2000,0,2000,,3,1
1010,187,12000,1,,3,2,1
1788,236,120000,1,120000,3,3,2
474,271,1000,2,1000,3,4,2
826,201,15000,0,10000,,3,1
802,103,6000,2,3000,2,3,1
1148,231,4000,2,2500,2,2,3
52,157,2000,1,2000,4,1,1
1856,162,1800,2,1800,3,2,2
520,234,700,1,600,3,2,2
1253,105,2000,0,1500,,2,1
352,81,1500,0,,,3,2
428,158,890,0,1220,,3,4
1157,400,1200,0,,,2,3
1079,161,3000,1,,3,3,3
509,297,250,1,200,3,2,1
1052,160,1000,1,2000,3,2,3
1055,127,5000,0,3000,,2,2
1318,447,1500,2,,3,4,1
1034,99,200,2,250,3,2,2
321,530,1000,2,1500,2,3,3
908,320,600,1,600,4,3,2
120,354,2000,2,2000,4,4,4
1105,167,800,0,900,,3,3
498,112,4500,1,1000,2,1,2
847,206,10000,0,10000,,3,4
670,336,600,0,800,,2,5
320,290,50000,1,6000,1,1,2
133,74,2000,1,,4,2,5
724,377,700,2,700,3,1,4
791,313,750,1,1500,2,2,1
819,190,530,1,,3,2,5
1766,106,1000,0,1000,,3,5
1460,69,500,0,300,,3,2
292,169,5000,2,6000,1,1,2
1271,216,500,1,600,3,1,1
616,233,9500,1,520,1,3,3
360,75,280,1,240,3,2,3
88,465,1500,2,1200,3,3,1
742,67,500,2,,1,2,1
1164,76,4000,1,,3,4,2
514,267,2050,2,,4,2,2
932,147,300,2,,2,2,5
100,187,500,2,400,1,1,2
875,163,1600,1,1800,3,2,2
1080,186,2250,1,,3,3,1
1310,385,1440,2,2650,3,2,2
524,278,1000,0,1400,,3,2
1631,296,350,2,900,4,3,4
544,197,700,0,700,,3,3
1074,253,5000,1,5000,3,3,3
1688,693,10000,0,,,3,4
383,294,400,1,500,4,2,2
555,267,1600,1,3200,4,3,3
67,201,4381,1,5291,1,2,1
464,374,2100,2,,3,2,2
1234,140,2545000,2,,3,3,5
1515,185,7500,0,,,2,2
409,68,7000,0,,,3,1
1023,583,7000,0,7000,,4,5
58,101,1500,0,2000,,2,1
1076,322,15000,2,20000,1,2,2
1001,204,12000,0,,,5,4
863,169,10000,0,6000,,1,1
76,299,1750,0,1750,,3,4
646,282,1200,2,1150,2,3,2
896,217,2000,1,2000,4,1,2
1309,88,2000,2,2222,3,4,1
233,228,3500,1,,2,3,4
1675,235,2000,0,2000,,1,2
1535,83,1500,0,2000,,1,1
1575,129,600,0,800,,4,4
851,460,4000,2,3500,2,3,2
1172,213,400,2,500,1,1,1
1795,198,10000,1,,1,1,1
209,374,5000,1,,3,1,3
995,174,300,0,350,,3,2
1552,231,100000,1,150000,1,2,5
185,726,560,0,596,,3,2
787,213,882,1,,1,1,1
1594,252,1500,1,1250,3,3,1
1837,195,1000,0,1000,,3,2
624,95,3000,0,2000,,4,1
479,235,500,2,2000,3,1,4
85,224,1529,1,967,1,3,1
26,106,600,0,800,,1,2
1365,167,2500,1,2000,4,3,4
485,248,5000,1,4500,3,2,1
256,133,1600,1,,3,2,4
597,281,1100,2,1000,4,3,1
1107,121,2000,1,2000,1,1,2
142,670,1440,1,1536,3,3,3
480,294,5000,1,7000,4,3,5
1220,268,1800,1,,3,3,1
1371,211,3000,0,3000,,2,2
632,164,5000,1,5000,1,2,1
1636,155,1300,1,1100,3,2,1
755,156,10000,1,15000,1,1,1
169,317,3000,2,3000,3,2,1
1536,388,1200,0,2500,,4,1
1868,156,3500,0,3000,,2,1
1383,120,1800,0,2500,,4,3
364,273,5000,0,,,2,1
1685,373,4000,1,3000,3,4,4
1357,153,754,0,754,,2,3
5,381,2000,0,,,2,4
1816,125,1500,0,1500,,3,2
310,134,600,0,600,,3,2
1758,127,450,1,,1,2,5
1533,159,415,1,,3,2,4
912,266,900,2,600,3,1,3
175,85,2500,1,,1,2,4
1708,407,1000,2,800,4,3,5
51,228,2744,0,2744,,4,4
1205,100,3000,0,3000,,2,1
546,180,2500,1,,4,2,5
939,229,850,1,850,3,3,1
1277,271,3000,2,3000,4,3,2
153,141,1200,2,1100,3,2,2
999,444,8000,2,1500,3,1,1
146,206,361,2,,3,2,1
1300,263,2500,2,5000,3,2,2
98,130,1300,1,,3,3,3
1191,276,22000,2,,3,2,4
1894,172,1500,0,1509,,2,1
1627,234,2000,1,,1,4,2
1876,149,20000,0,20000,,4,3
1070,258,4500,0,3700,,3,1
1207,103,1500,2,1500,3,2,1
1094,113,10000,1,10000,2,3,2
1676,73,980,0,980,,2,2
351,484,1400,2,1100,4,4,4
456,233,1152,0,1152,,3,3
542,114,400,0,400,,3,4
1166,173,2500,1,2000,1,2,1
897,391,1500,2,1500,2,4,4
1767,206,450,0,450,,3,2
1116,147,2000,1,2000,3,4,3
642,76,700,1,750,1,2,3
1350,413,1200,1,1200,3,4,1
568,303,550,0,470,,2,3
758,215,3800,2,3000,3,1,3
254,226,3500,0,3500,,2,2
816,434,2100,1,2100,2,3,4
984,131,10000,0,7500,,3,2
1474,230,4500,0,4250,,2,1
1470,257,5000,1,3700,3,1,3
1355,218,8000,1,8000,1,3,2
46,233,1200,0,1500,,3,2
751,124,10000,1,10000,1,1,1
661,109,400,0,500,,2,3
1781,172,800,2,850,1,2,5
1323,81,250,0,500,,2,1
1501,298,5000,2,3000,4,2,4
842,238,500,2,750,3,2,1
12,215,2000,2,2800,3,3,3
1461,244,600,2,1000,2,1,2
596,226,3000,1,5000,3,2,2
715,241,8000,2,,2,3,3
1448,184,1348,0,1211,,4,5
567,874,5000,0,5000,,3,3
1022,162,500,0,470,,1,4
1821,447,600,2,2500,3,3,5
1396,157,3400,1,,2,3,2
21,159,1000,2,2000,3,2,1
868,112,780,0,800,,2,4
167,156,2300,1,,2,3,2
607,190,1500,1,,2,4,3
1394,85,1000,2,,2,2,1
1341,515,800,2,850,3,4,4
1706,167,1800,2,2000,2,3,1
919,281,2000,0,1500,,2,2
1017,105,2000,0,3000,,1,1
1732,257,800,0,800,,2,3
274,168,1500,0,1000,,3,1
788,301,400000,1,,1,1,1
1679,221,30000,2,,3,3,2
1778,365,5000,2,4000,3,2,5
1435,149,675,0,649,,1,3
1302,113,4000,1,4000,4,2,1
866,198,800,1,1100,3,3,4
1276,115,300,2,200,3,2,5
648,150,400,1,250,1,2,2
1634,198,1500,2,1000,1,1,3
743,150,2000,1,2000,4,2,1
1480,353,1100,1,1100,4,3,1
1424,324,1200,2,,3,3,1
1123,740,1100,2,900,3,2,2
1841,98,250,2,500,1,2,3
1248,175,500,2,,2,3,3
1009,288,2500,1,2500,1,3,1
1437,147,800,0,1000,,1,3
1184,371,4000,2,4000,3,2,1
1703,70,15000,2,5000,2,4,3
278,952,6000,0,,,3,2
639,327,450,1,600,2,1,1
192,442,3100,1,3100,3,1,4
251,377,500,1,500,4,4,2
965,208,5000,1,,3,3,3
1306,126,1200,2,1200,4,3,1
1641,567,1000,0,1000,,3,4
1777,361,10000,0,13000,,1,2
1039,311,2200,0,2200,,3,3
207,129,500,2,,3,3,1
1170,140,2500,1,2500,1,3,3
1422,185,2575,2,2575,2,4,2
144,142,2500,0,2500,,2,2
444,153,1500,1,,4,2,2
814,124,500,2,500,3,4,4
880,136,3000,0,3000,,1,2
1056,111,800,0,800,,2,3
174,136,850,2,640,1,1,1
1646,166,457,0,457,,3,5
3,295,653,2,892,2,1,1
487,249,1700,0,1000,,1,1
1375,179,6000,0,6000,,3,1
344,101,1000,0,1000,,2,2
1440,157,2000,1,2000,1,2,2
82,167,300,1,400,4,4,5
1694,250,1200,2,1200,4,2,2
730,274,1900,0,1800,,4,4
438,198,1300,1,,1,1,2
968,163,300,2,,1,1,4
1815,188,1700,1,1700,3,3,2
822,260,5000,2,2000,2,3,2
1451,80,5000,0,2000,,3,3
1586,89,3000,1,,1,2,4
1752,483,6000,0,6000,,2,3
768,339,2200,2,2200,4,2,3
279,264,1580,2,1590,2,2,2
150,232,10000,0,15000,,2,3
631,696,8000,2,5000,2,3,3
1308,158,500,1,,3,2,2
1457,180,317,1,2550,4,4,4
887,138,3150,2,3150,4,4,1
1466,233,16000,1,20000,3,2,2
1589,135,10000,2,10000,2,3,1
462,107,11000,0,11000,,3,2
1683,67,1200,2,1200,4,3,1
135,383,1600,2,1600,4,2,2
145,35,500,0,500,,4,4
861,115,8000,1,,3,3,2
216,83,2000,2,2000,2,3,2
1389,294,1000,0,1300,,1,1
867,274,230,0,280,,3,5
35,692,800,1,,1,2,2
394,495,800,1,1800,2,2,4
204,413,3000,2,2000,3,2,5
1239,119,750,1,600,4,2,4
595,254,35000,1,20000,3,2,1
61,240,1000,1,1000,2,3,4
1112,148,1000,0,1000,,2,3
1082,153,3750,0,4000,,2,5
1615,336,5000,0,5000,,5,3
916,204,4000,1,3000,3,3,2
1803,119,300,2,200,3,3,5
1605,317,300,0,704,,2,5
1607,215,265,2,387,1,2,4
38,148,2000,1,,3,2,2
149,148,480,0,,,2,2
1798,1412,800,2,750,2,2,4
64,221,2000,0,2500,,1,2
1490,111,1500,2,,2,2,1
657,271,2000,1,10000,4,1,1
1540,154,1500,0,1500,,2,4
1543,148,1200,0,1200,,1,3
992,209,1000,2,3000,2,2,3
1289,140,4000,0,4000,,3,3
1320,608,2500,1,,3,2,1
1601,114,300,2,300,2,2,2
37,252,1500,1,2000,1,1,3
801,192,800,1,800,4,3,2
178,243,1150,1,1150,2,4,2
904,206,2000,1,1050,1,1,1
1570,164,1000,1,1000,2,2,4
29,1052,1400,1,1050,2,1,1
518,312,400,2,600,3,4,1
507,157,1000,2,1400,3,3,4
1834,251,658,2,1500,2,1,2
924,300,500,0,1250,,1,1
785,222,1000,1,,1,2,3
636,130,1300,0,1400,,1,1
1512,245,1300,2,,4,3,4
317,263,1200,2,2500,1,2,4
957,184,400,2,400,4,3,2
1830,157,1500,0,1500,,4,3
1660,654,1000,1,800,2,2,3
371,139,2100,2,2100,3,4,5
588,124,2500,1,2500,3,2,1
525,218,2000,0,2000,,1,2
1117,220,1700,2,1700,1,3,2
708,93,948,2,,2,1,2
1075,161,5000,1,,1,2,3
1784,311,6200,0,4800,,1,1
1242,250,3000,2,,3,2,3
1200,112,300,1,500,3,2,1
411,291,2500,0,1750,,2,1
396,191,5000,2,3000,3,1,2
334,130,25000,2,,1,1,1
682,216,300,0,800,,2,2
361,147,1000,1,,3,2,2
594,207,10000,0,10000,,4,2
740,393,1500,1,1500,4,4,1
1337,177,1200,2,1200,1,1,2
414,411,1000,2,1100,3,1,1
947,231,500,2,500,1,2,3
166,350,1000,2,1200,3,3,3
1199,156,400,2,700,2,2,4
1430,109,2500,2,,2,3,2
1438,424,3000,0,,,3,1
641,177,1111,1,,4,3,5
180,208,3000,2,3500,3,3,2
1514,256,6000,1,6000,3,4,3
1537,135,9000,0,9000,,1,1
229,895,3000,1,2000,3,2,3
1119,322,2000,2,1000,3,2,2
1602,154,2500,2,2650,3,2,2
1724,223,4000,1,3500,3,2,1
885,223,700,0,750,,4,3
1825,95,2824,0,,,4,3
1820,147,1500,0,1500,,2,1
1224,131,3000,2,,4,3,3
453,165,9000,1,5000,3,3,3
638,118,1000,0,1200,,3,3
716,158,5000,2,,2,1,1
1392,193,1200,0,2400,,2,2
820,311,990,1,990,3,1,1
1353,306,7000,0,5000,,4,5
551,167,1500,0,,,2,4
1156,504,1950,2,,3,3,1
925,343,5000,2,5000,4,2,1
1643,202,7125,0,,,1,1
1789,205,2850,0,2600,,2,1
687,171,9000,0,9000,,1,4
1563,326,1000,2,1000,1,4,3
1175,685,5725,1,4622,3,2,5
1707,389,800,2,1000,3,5,2
328,127,10000,2,10000,4,2,2
1068,221,5000,2,3000,2,1,2
1775,167,3000,2,2500,2,3,2
302,338,1200,0,1500,,2,2
676,399,500,1,800,3,2,5
1356,136,350,0,,,3,4
1167,312,700,0,,,1,2
1351,179,10000,2,90000,3,4,5
1407,229,5000,2,,2,1,4
1812,102,2000,0,,,2,2
811,176,15000,2,20000,2,1,5
290,142,2500,0,2500,,2,2
1338,116,1710,2,1710,4,3,2
1471,271,1500,2,1300,4,2,4
484,162,1500,2,1500,2,3,2
878,204,1200,1,1200,4,2,2
8,217,850,2,650,3,3,3
1617,277,1500,2,2000,2,3,3
540,167,5000,1,3500,3,2,1
798,339,1540,2,2700,3,2,4
660,171,3500,2,,4,4,1
944,197,5000,0,,,2,1
872,129,900,2,900,2,1,2
1663,150,600,0,600,,3,1
472,266,1000,0,1100,,1,2
1109,159,5000,0,7500,,1,1
1190,93,2400,0,2400,,2,3
890,54,4000,0,4000,,2,2
226,194,8000,2,,4,3,3
590,124,500,2,550,3,4,4
1582,193,3000,2,3000,4,2,2
1241,143,2000,0,2000,,3,4
1441,276,2000,1,2500,3,4,3
1609,271,700,0,700,,2,1
1212,168,650,1,970,3,2,1
1215,158,1200,1,,3,1,1
473,252,987,0,1200,,2,2
1840,78,8000,0,14000,,3,4
1534,290,1900,2,1700,3,2,3
882,190,1250,2,,3,4,4
502,199,700,0,600,,2,1
452,582,1500,2,,1,1,1
528,1523,600,1,1000,2,1,1
879,75,9000,0,5000,,3,3
47,97,4500,1,4500,2,3,2
1874,68,1000,0,5000,,1,1
1090,67,9000,0,9000,,1,1
1431,199,2000,1,,2,1,2
824,122,5000,0,5000,,3,2
608,162,3000,2,3000,2,3,1
625,122,2000,0,2500,,2,1
1178,315,900000,2,900000,3,3,3
1748,887,2000,2,1800,2,2,4
1152,353,2000,2,2000,3,3,1
199,158,1500,0,1500,,3,2
946,95,600,0,1200,,2,3
1016,71,5000,0,5000,,3,2
1380,157,342,0,320,,5,2
99,170,1500,1,1500,4,3,4
717,175,1500,0,1500,,2,3
530,138,6000,1,5500,1,3,4
1595,188,2000,1,2000,4,2,4
604,139,2000,0,3000,,5,4
1718,168,820,0,775,,3,1
852,118,1000,2,,3,1,4
1741,157,300,1,,4,4,3
618,158,5000,2,,2,3,1
728,346,2000,0,2000,,1,1
463,129,2000,2,2500,2,1,1
941,231,5000,2,2000,2,3,2
1196,158,4500,2,,3,2,1
147,234,1600,1,,1,4,2
1077,243,3700,1,,1,3,2
1104,148,2000,2,,2,3,5
739,299,250,1,600,1,2,5
291,105,900,2,,1,2,1
1345,191,700,2,750,3,2,1
265,253,10000,2,,3,3,3
526,243,752,2,1440,4,2,2
1491,284,1800,2,1900,3,3,1
988,190,8000,1,20000,4,3,1
1408,492,11985,2,14445,4,2,1
1682,119,550,1,550,3,2,2
1500,165,2800,2,28000,1,2,1
62,314,1200,2,1200,2,3,2
327,63,2000,0,2000,,4,1
1111,144,400,0,460,,3,2
1735,309,2500,1,1500,3,3,3
1047,252,700,1,500,1,2,4
1727,190,3000,1,4000,4,3,4
849,109,1000,2,,1,2,1
1065,143,1500,0,2500,,3,1
1131,137,10000,1,5000,3,4,2
628,216,1000,2,1000,3,3,1
486,79,1500,1,1500,2,3,2
1499,165,1000,1,1000,3,4,4
1530,143,2000,0,1000,,2,1
1838,181,400,0,400,,2,2
1826,89,2300,1,,2,2,2
1592,459,1100,1,900,4,3,5
1624,284,990,2,850,3,2,2
1298,359,1200,0,1600,,2,3
905,194,1000,0,1000,,2,1
333,195,25000,0,20000,,3,5
1381,301,1500,0,1550,,3,4
1556,270,2000,2,1000,3,1,2
651,586,800,1,800,3,4,2
1367,174,3123,0,4123,,2,1
1089,540,15000,2,15000,1,3,4
1231,173,1200,0,1900,,1,3
1322,353,1200,1,1500,3,2,3
881,325,2500,2,3000,4,1,4
1221,56,900,2,,1,2,1
1831,165,400,2,400,4,2,2
270,143,120,0,120,,4,4
591,259,4500,2,4800,3,3,1
1145,478,700,2,800,3,2,3
876,91,750,0,750,,3,2
1686,83,2500,0,2500,,2,4
1249,369,4000,2,,3,3,3
42,246,5000,0,4000,,4,1
318,112,5000,0,4000,,3,3
392,732,2020,0,1900,,1,2
1008,298,3500,0,5000,,2,3
294,910,1000000,1,10000,1,1,2
1482,161,800,2,1000,3,1,1
1818,230,2000,2,2500,3,3,5
465,334,2000,2,500,1,1,2
559,142,5000,1,,4,5,3
1238,279,980,2,980,4,4,2
497,217,1000,1,1000,3,3,2
1801,148,700,2,700,3,3,4
331,129,4000,2,4000,3,1,1
308,369,1250,2,,4,4,2
264,364,10000,2,10000,3,3,2
1858,302,1800,1,,3,3,2
1689,157,2000,0,2500,,1,2
1699,85,700,1,2000,2,2,4
288,121,3000,1,2800,4,3,5
53,110,2000,1,2000,3,3,1
759,90,875,0,850,,3,2
488,141,500,2,450,4,5,2
287,150,8000,0,8000,,3,2
970,196,3250,2,2000,2,2,2
103,90,850,0,1250,,1,2
1569,243,1000,0,1500,,3,3
1069,235,1200,1,1224,2,3,2
1814,665,500,2,500,1,2,1
236,540,2000,1,2100,4,4,5
722,219,1000,0,1000,,3,2
1165,210,1500,1,1500,3,2,1
523,157,10000,2,10000,4,2,1
1799,155,300000,0,300000,,3,1
930,182,750,1,800,3,1,1
1195,271,500,2,2000,1,2,3
1013,209,788,1,,3,5,1
835,65,8000,0,5000,,2,1
1163,166,500,0,500,,3,1
1066,102,11555,1,,2,2,1
1510,243,1000,2,1900,1,1,2
869,384,3000,1,400,3,2,2
1083,216,1500,2,1500,3,2,3
1352,229,1000,0,4000,,3,5
613,169,2000,0,2000,,3,2
1764,199,945,1,,3,4,3
1374,174,900,0,900,,2,2
1524,131,600,0,750,,3,3
188,152,600,2,600,1,2,4
1114,199,2500,0,3000,,2,2
937,115,1200,0,1300,,2,1
1262,136,400,1,350,3,2,2
210,99,20000,0,30000,,1,3
467,161,1000,2,2100,3,2,1
1346,173,2800,2,700,1,1,1
384,158,2000,1,2000,3,3,2
1458,135,3000,2,4000,4,3,1
418,1518,8000,2,,4,3,3
471,395,450,1,936,3,1,4
269,127,500000,0,500000,,1,1
907,139,850,1,,1,3,1
1870,262,700,1,,2,3,2
1135,157,5000,2,3500,2,4,3
685,77,2000,1,2500,3,1,2
408,108,2500,0,,,4,2
1251,151,1956,1,,4,3,4
266,218,1000,0,1000,,4,1
1053,177,1000,1,700,3,3,3
54,202,1000,1,1000,3,2,4
250,1006,5000,0,,,3,2
1693,135,500,1,500,3,2,2
1494,405,1778,0,4800,,3,3
1336,145,1000,1,,3,2,1
1036,236,500,1,800,1,2,5
548,318,3000,0,3000,,3,1
1852,313,600000,1,150000,3,3,3
918,85,690,0,650,,5,2
1652,98,1000,2,,2,1,2
1835,100,2000,0,2000,,2,1
1805,217,5000,0,2000,,1,3
812,115,5000,0,4000,,3,1
1666,174,10000,0,10000,,3,4
1698,262,700,1,600,2,3,3
1504,209,3500,0,5000,,1,2
1216,189,500,1,600,3,4,2
1286,341,380,2,400,3,2,2
190,166,3500,0,4000,,3,3
533,249,1000,2,1000,1,3,3
669,97,400,0,400,,3,1
1487,207,1000,1,850,2,3,1
1483,119,50000,1,70000,4,5,4
160,241,800,2,3000,3,2,2
1472,75,1000,0,800,,1,1
719,233,2000,0,1000,,1,2
309,261,1000,0,950,,2,1
425,242,40000,1,,4,2,2
1793,173,550,0,,,3,2
475,110,700,0,620,,4,2
186,509,300,2,400,3,2,3
769,277,3000,0,3000,,3,1
1850,417,1500,2,1200,3,1,1
1015,349,2880,2,,3,1,1
17,154,2000,0,,,1,2
212,351,2900,2,2800,3,3,1
136,240,1500,1,2500,3,3,3
1722,307,1500,1,,4,4,3
972,115,1200,2,1450,1,1,2
602,63,6500,0,5500,,2,1
1881,229,1400,0,1800,,2,2
1827,196,4500,0,4500,,2,3
1063,199,600,1,600,4,3,1
141,127,5000,2,,3,2,1
926,411,900,1,864,3,3,3
417,180,3000,0,2700,,2,1
910,190,700,0,900,,3,1
635,124,15000,1,,3,3,3
1705,476,2500,2,2000,3,2,1
1160,328,1000,2,1000,1,3,4
1403,87,200,0,200,,3,1
116,261,400,2,800,3,2,3
1427,189,2500,2,,3,3,1
741,162,30000,1,10000,4,2,1
1054,177,2000,0,2000,,3,1
312,147,1000,2,,1,1,2
1733,152,1500,1,2000,4,2,2
1317,177,150000,0,,,2,2
430,333,1400,0,1400,,3,3
128,262,12000,1,,1,1,1
574,450,1300,1,4300,2,1,2
181,145,3000,0,3000,,3,2
27,209,632,1,630,4,3,3
1583,293,800,1,,1,3,4
1502,135,800,1,1000,2,3,1
709,204,1000,2,,2,3,1
1325,222,1500,2,1200,3,1,3
1259,271,3000,2,3000,4,4,1
1314,403,1000,0,1000,,2,1
1,350,4000,2,2300,1,2,3
576,893,300,2,,2,4,3
1418,274,700,2,750,3,2,1
448,131,3000,1,2000,3,3,3
1256,485,1000,2,3000,3,2,2
79,214,1600,1,1600,4,4,1
846,195,8000,0,8000,,2,1
130,172,1254,2,1564,3,2,2
962,591,1000,1,,2,3,1
1176,224,3000,0,3000,,3,4
1653,548,1700,0,1700,,3,3
810,166,900,1,900,2,1,1
1505,190,5000,2,5400,3,4,1
1872,140,600,0,620,,3,2
1769,121,1250,0,1750,,3,3
971,734,700,1,700,3,4,2
710,269,1450,1,,3,3,2
370,114,800,0,800,,3,2
346,253,3000,1,3500,1,3,2
156,150,700,2,700,4,3,4
1608,448,1000,1,1140,2,2,2
733,96,2000,1,,1,1,5
240,221,3200,0,3400,,3,5
977,267,2600,2,2600,2,3,3
603,283,1600,1,,2,3,1
262,336,3000,2,2250,1,3,1
1721,144,3000,0,3000,,3,1
707,260,5000,1,1540,1,2,2
407,88,500,0,,,2,3
1059,178,2800,2,2800,4,3,1
686,433,1000,1,1000,4,3,2
1753,565,2000,1,20000,3,3,5
307,152,7000,0,,,3,1
289,160,350,1,350,4,3,1
1328,97,7500,0,7500,,3,4
606,100,10000,0,,,1,1
640,159,1000,2,,4,3,5
700,138,3000,1,1000,1,1,2
843,290,3500,0,10000,,3,4
248,227,700,0,700,,5,4
1151,135,140,2,,3,4,4
413,664,2500,2,1750,3,1,1
1654,186,3000,1,2000,2,2,4
1405,302,8000,0,,,1,1
84,226,3000,1,3000,4,3,4
1790,123,400,2,400,4,2,3
983,283,6000,1,2000,1,1,3
75,111,500,0,,,1,1
1257,120,15000,1,,2,2,1
1003,327,8000,1,,3,2,2
522,78,143,2,,1,4,1
109,297,2000,1,1800,1,1,2
721,208,400,0,350,,1,4
390,169,14000,2,10000,3,2,3
1635,142,2500,0,2500,,3,2
132,502,1300,1,1567,4,4,3
575,185,612,0,640,,2,1
767,124,2500,2,1300,3,2,3
107,184,850,0,850,,2,2
1454,122,4000,1,1000,1,2,2
87,120,800,0,800,,4,3
1479,227,3000,1,2250,3,3,3
1071,165,1500,1,1500,4,2,2
239,292,698,0,575,,2,2
571,249,2400,2,2400,3,3,2
1776,257,1240,1,,3,3,3
532,210,560,2,448,2,2,3
1599,154,1500,2,,3,3,3
151,70,500,2,500,3,2,2
945,415,1500,1,1500,3,4,1
748,149,2000,2,1000,4,3,2
59,307,2000,2,2000,2,1,2
1235,196,1000,2,1000,3,3,5
1121,130,2500,1,2200,4,3,5
906,135,250,0,250,,5,1
1051,199,450,2,450,3,3,1
775,260,1600,2,,3,3,1
1062,298,4500,2,4500,3,3,2
81,404,1500,2,1200,3,3,3
223,241,25000,2,15000,2,1,3
1279,304,325,1,,3,2,1
572,158,2000,0,2000,,2,3
832,98,2000,1,3000,3,3,2
1204,164,500,2,,3,2,2
102,146,400000,0,400000,,3,2
754,65,500,0,500,,2,2
855,152,1950,1,1950,4,2,5
804,238,1500,1,1000,1,3,4
1136,211,500,0,,,2,4
1120,242,4000,2,6000,3,2,1
183,46,3000,0,,,3,2
1348,233,4000,2,,2,3,2
979,195,1000,2,1500,3,2,3
244,184,1500,0,2000,,3,2
986,337,2000,1,1000,4,1,3
1169,249,1500,1,1000,3,2,1
90,171,1700,0,1700,,3,2
375,161,3000,0,3500,,1,2
1650,74,1500,0,1500,,1,2
1086,243,1500,0,1500,,2,1
1497,254,600,2,600,2,1,3
431,239,3000,0,1900,,1,1
1725,267,1500,1,3000,1,1,2
1409,177,1600,0,1600,,2,1
304,403,550,2,,3,2,2
580,118,750,1,750,3,1,3
1091,206,10000,0,10000,,2,1
1149,191,4000,2,,1,4,3
96,130,1100,0,1100,,3,3
476,552,3500,1,3500,1,2,2
447,230,2000,1,2000,4,2,1
1603,69,10000,2,30000,2,3,3
1334,443,1000,1,800,1,1,1
1419,170,1500,0,,,2,2
1122,145,600,0,700,,2,2
789,227,2550,2,2550,4,3,4
468,85,3000,1,3000,3,3,1
435,171,500,1,750,3,1,1
1029,547,10000,2,10000,2,3,3
49,260,400,0,400,,2,4
398,104,1900,0,,,4,3
1078,119,600,0,800,,2,2
1734,336,9000,1,,1,3,4
1142,178,1700,0,1700,,3,2
757,67,200,2,200,3,4,1
694,1169,2500,2,2500,2,3,3
1258,165,1000,2,1500,2,2,2
1585,175,2400,0,2400,,2,2
1833,71,1500,0,1500,,5,3
611,276,600,0,650,,2,4
1560,137,1000,1,,3,3,2
1610,285,2200,0,2500,,3,1
1796,203,1500,2,1500,4,2,2
1295,397,1000,1,4200,2,2,2
69,237,3000,0,2750,,2,2
848,268,1200,1,1200,4,4,1
1312,364,2350,1,3250,3,2,2
481,427,400,2,960,4,1,2
529,263,500,1,600,3,3,4
1244,167,1200,0,1200,,2,1
140,286,4000,0,4000,,3,3
753,131,500,1,1000,1,2,3
55,313,600,1,1000,2,3,3
1740,94,1000,2,1000,3,2,2
243,265,3000,2,,1,1,1
818,187,500,2,750,3,2,2
1619,213,6500,1,4500,1,3,1
1390,140,9000,0,9000,,4,2
976,259,2300,2,2300,4,2,1
713,151,1500,0,2000,,3,5
1897,238,1500,2,3000,1,2,3
1301,121,1500,0,,,3,2
1642,214,3000,2,,2,3,1
1252,377,1200,2,,3,3,3
539,372,2400,2,2400,4,4,2
610,118,30000,1,,1,1,1
1453,319,2800,2,3150,3,2,3
854,54,10000,1,30000,2,3,3
1379,80,200,0,,,2,2
330,192,20000,2,,2,1,2
404,268,800,1,1000,3,2,2
736,145,4000,1,,3,3,3
1283,172,120,1,400,1,1,2
1031,492,50000,1,40000,4,2,5
649,252,1800,2,,4,1,1
1006,200,5000,2,8000,3,2,2
1133,102,1000,1,1400,3,3,1
131,244,800,1,800,4,3,3
1854,78,732,1,,2,1,3
1311,170,2000,0,2000,,3,5
101,110,5000,0,6000,,1,1
272,287,50000,2,100000,3,3,5
1493,476,1000,2,1400,3,1,2
1093,108,600,2,700,2,1,1
1193,134,5500,0,3000,,2,1
584,106,1000,2,1000,2,2,1
106,112,570,0,570,,2,1
860,220,10000,0,10000,,2,2
25,264,1500,0,2500,,2,3
1867,131,1000,2,1000,4,2,3
1096,215,300,2,600,1,2,2
1305,208,1400,1,,4,2,2
1553,181,800,0,850,,4,2
1000,592,600,0,900,,2,3
1744,708,1236,1,956,3,2,1
1580,97,5000,0,8000,,2,1
1101,161,400,1,560,4,2,2
1851,488,4000,2,,2,3,1
1168,153,700,2,900,2,2,4
1892,132,2300,2,2500,4,2,2
1632,296,899,0,2300,,2,1
1538,286,1500,1,1500,3,3,2
1288,158,750,1,750,3,3,2
1794,313,2400,1,1800,3,2,4
550,453,600,0,800,,2,2
362,327,1000,1,1500,3,2,2
622,220,5965,1,8524,2,1,1
329,441,1300,2,1600,4,3,3
780,327,3000,0,,,3,2
774,177,2000,2,1500,2,2,1
817,189,2000,2,,2,1,1
1362,128,30000,1,20000,1,1,2
91,112,6500,1,3000,1,2,2
1711,119,1000,0,1000,,2,2
108,164,2500,1,3000,2,3,3
1529,86,1200,0,1000,,3,2
534,273,5000,1,3000,3,2,4
152,217,1500,1,1500,2,1,4
605,119,2000,1,2000,2,2,1
1473,384,2100,2,,4,1,2
1772,141,300,1,900,1,1,3
34,69,1500,2,2000,3,2,3
1465,240,300000,1,,1,2,1
1469,99,5000,0,6750,,4,1
830,158,1361,2,,2,3,4
1414,242,642,1,,3,2,2
249,174,5000,1,3000,4,3,5
1384,390,26000,0,,,1,1
1731,403,1500,2,,3,2,1
1278,154,3000,1,1000,3,1,2
322,343,300,1,350,1,2,1
1824,265,1800,1,2000,3,3,3
745,173,1000,2,1000,4,2,1
161,199,820,0,820,,3,5
280,837,5000,0,3000,,4,3
1254,205,2000,0,2500,,1,1
205,258,1700,1,1380,3,2,2
1782,291,1200,2,3000,1,1,1
960,166,2000,2,2000,4,4,4
898,396,1300,1,1400,3,2,3
1057,122,625,0,700,,3,2
1425,147,400,0,900,,1,2
1763,304,5000,2,,4,2,3
6,99,1200,1,1200,1,2,2
1372,377,800,1,,2,3,1
189,200,1000,1,1800,2,3,4
1044,286,1100,2,1200,4,4,2
1247,469,2400,2,4800,4,1,4
805,364,450,2,600,3,1,2
1787,150,3000,1,4000,2,2,1
173,152,750,1,1200,3,3,3
859,239,900,2,1620,3,2,2
110,160,1600,0,1600,,3,2
379,212,2573,1,3250,4,4,2
1255,79,5692,1,8257,2,1,1
950,248,4342,0,4342,,1,1
838,276,5000,2,1092,3,1,1
519,186,850,0,850,,2,1
203,100,15000,0,10000,,3,2
1492,195,2800,2,1500,3,2,2
112,346,2500,0,2000,,3,2
558,152,300,1,,3,3,4
1579,206,2000,0,2000,,2,1
450,174,1500,1,1500,3,3,1
1011,195,3500,1,2400,3,1,1
675,584,1200,1,1400,2,3,3
172,229,1052,2,1300,4,3,3
1020,132,1100,0,,,3,1
255,360,1500,1,1200,4,1,2
1292,199,3200,2,3200,4,4,1
1573,383,1656,0,,,3,2
281,239,12000,1,,4,3,1
126,382,1500,1,3000,3,2,2
823,215,437,0,438,,1,1
44,840,300,2,,1,3,4
1132,923,2700,0,2700,,4,3
1673,617,600,1,2000,3,3,4
1898,250,1200,2,,4,3,4
1213,186,1800,1,1800,2,2,2
779,105,1226,1,1226,3,1,2
666,162,4000,0,4000,,2,2
677,115,2500,2,3000,2,2,2
1726,107,2000,0,2001,,3,3
1040,146,5000,1,5000,1,3,1
566,142,10000,1,9999,2,1,1
460,113,5000,1,5000,4,1,5
421,274,350,2,650,4,3,5
420,365,5000,1,1000,2,2,3
914,238,1500,1,2000,1,2,4
1709,213,300,0,350,,3,3
1702,552,3750,1,3750,3,3,1
1549,165,5000,2,5000,4,2,1
1516,154,1500,0,1450,,3,3
1206,321,2900,2,3000,3,2,2
335,175,800,2,600,1,2,2
1700,90,3500,2,,2,3,5
1092,83,20000,1,10000,1,2,4
1347,104,300,0,300,,3,3
870,201,650,0,900,,1,2
538,308,2500,1,2000,2,2,1
1038,158,1000,1,1500,4,4,3
1183,177,200,2,220,1,3,5
171,182,1300,0,1700,,1,5
1528,162,250,1,350,3,3,4
1743,165,2300,2,2300,3,4,2
620,147,4500,2,4000,2,1,1
1637,101,800,0,1200,,1,4
1576,130,560,2,840,1,1,1
797,137,1000,2,,4,3,4
424,77,500,1,500,3,5,3
672,216,3500,1,3700,3,4,4
1584,231,1600,2,1200,2,1,2
1349,223,4000,0,4000,,1,3
206,166,2000,0,1800,,1,1
871,170,1000,0,1000,,3,2
964,258,1000,2,,3,3,3
1690,60,600,1,1500,3,4,4
886,161,800,2,800,3,2,5
127,175,6000,0,,,2,2
1033,170,4000,2,2000,2,3,1
1618,196,1500,1,1200,3,1,1
702,69,10000,1,,4,2,5
1214,215,3000,1,,3,2,2
80,225,3000,2,3000,4,3,3
772,172,8000,1,2000,2,1,1
1446,174,1250,0,1200,,3,2
356,192,1500,1,1500,4,3,1
7,393,1200,2,600,3,2,1
1697,55,10000,1,8000,1,2,4
1750,81,5000,0,,,1,2
1525,193,5000,0,10000,,3,1
1161,162,3000,2,,4,3,4
1042,104,30000,0,30000,,3,1
1327,468,450,2,450,4,2,2
1198,127,2000,0,2500,,2,1
230,239,2500,1,,1,2,5
903,169,500,1,960,4,1,2
1620,89,2500,1,2500,3,3,4
1655,195,360,1,360,4,3,2
839,317,3000,1,,2,3,1
909,370,700,2,1000,3,4,2
1354,135,700,1,820,3,2,3
1268,139,3000,2,3000,3,2,1
1174,172,2000,0,2000,,3,3
1014,143,3000,0,3000,,3,4
241,231,850,1,,2,3,2
633,921,10000,2,,1,2,4
982,148,400,0,200,,2,3
1426,248,700,0,,,4,2
231,433,700,1,7000,3,1,1
1568,114,800,2,1350,3,3,4
569,152,2000,1,1700,4,4,3
1434,119,1250,0,1250,,1,2
369,138,1200,1,1200,4,2,1
284,83,2100,0,2100,,3,2
1587,200,750,2,770,3,1,2
1211,497,300,0,350,,2,4
1531,80,3000,0,4000,,2,3
760,132,10000,0,12000,,3,2
1265,488,2700,0,,,3,1
1192,180,2000,2,,4,2,2
489,80,20000,0,15000,,3,2
1027,130,1150,0,1150,,3,2
673,224,600,1,750,1,2,1
1849,476,800,0,800,,5,1
56,434,4000,1,4000,4,4,3
1562,207,900,1,500,1,3,2
353,135,3400,0,3400,,2,1
1126,182,1400,0,,,2,4
1692,163,3000,2,3500,3,3,2
656,183,1500,1,,2,3,3
1511,75,3500,1,,1,4,3
1343,168,300,2,300,4,3,1
1616,292,750,1,800,4,1,1
399,51,230,1,230,4,5,4
263,392,1000,2,1500,2,3,2
387,284,2000,2,1000,4,1,1
738,171,2000,2,3000,3,1,2
969,154,1000,2,2000,3,3,3
1691,136,2000,0,1500,,2,2
257,256,5500,0,5500,,3,5
1048,512,800,2,1200,3,2,1
933,918,450,2,3000,2,3,2
1577,167,85000,0,,,3,1
556,376,4000,1,,2,2,2
395,442,3000,2,,3,3,3
1391,581,1650,1,1200,3,2,2
1757,161,1500,1,1700,3,3,2
1285,179,2000,1,1000,2,2,2
1297,81,2000,0,2000,,2,2
1369,192,600,2,601,3,1,3
253,111,500,1,1000,2,3,4
118,1169,8000,2,6000,3,3,3
1780,231,500,0,2100,,3,3
564,192,1800,0,,,2,1
615,239,500,1,,4,2,3
10,225,2014,0,2014,,3,2
200,375,520,1,520,3,4,1
1443,154,600,0,700,,3,2
940,217,1700,0,1700,,3,2
43,346,700,2,650,2,2,2
1127,159,4300,1,,3,2,1
478,287,1000000,0,1.5,,1,3
105,81,20000,2,20000,3,2,1
1857,116,8000,0,8000,,3,4
1326,183,2000,2,2100,2,2,1
1895,169,1500,0,900,,2,4
1329,167,2500,2,2500,2,3,4
1866,263,1950,1,1950,4,2,1
794,203,952,1,953,4,4,1
1875,98,2500,0,2500,,3,1
1267,101,525,0,525,,3,3
833,300,300,2,300,2,3,3
1539,247,2000,2,1700,2,2,3
1704,272,1200,2,1659,3,3,2
482,133,800,2,800,2,1,3
1222,209,900,0,900,,3,2
961,182,3000,2,2500,3,2,3
884,108,1200,1,800,2,1,2
1108,126,2000,2,2000,2,2,1
1189,58,1000,2,1500,2,3,2
323,218,1297,0,848,,1,3
935,51,1000,0,1000,,1,1
1809,150,2000,1,,3,3,4
1072,636,400,2,,2,1,5
1882,110,2000,1,1000,1,4,4
337,143,2500,1,2500,4,3,2
1376,155,1000,1,,4,3,2
402,116,10000,2,8000,1,1,1
1061,188,1000,1,,3,2,1
1186,319,1100,0,1100,,2,1
1681,134,825,0,,,1,1
1007,201,3000,2,3000,3,2,1
1406,466,500,2,1100,3,1,1
1714,107,2500,0,2800,,2,2
16,273,500,1,450,2,1,5
196,132,650,0,640,,4,1
1197,157,3200,0,3200,,3,5
237,190,2000,2,,3,3,2
915,160,850,2,1200,3,2,1
33,218,2000,1,2000,4,4,3
1103,172,1000,1,1100,2,1,2
1025,198,3000,0,3000,,4,3
403,186,500,2,600,3,2,3
143,187,900,2,900,3,2,2
561,270,300,2,,3,3,4
1304,99,3000,0,,,1,1
1024,156,100000,2,,3,3,2
1547,661,1200,2,1600,3,2,4
744,161,5000,2,,2,3,3
225,117,1200,2,,1,3,3
1518,113,2500,1,2500,4,4,4
401,192,8000,2,8000,4,1,3
505,107,5000,0,4000,,3,2
1416,131,2500,0,1500,,3,3
246,200,2000,0,5000,,2,4
440,314,2000,2,1600,3,1,1
1413,366,750,1,1600,3,3,5
1159,129,3573,2,1850,1,3,2
1432,190,1000,0,1200,,2,4
658,160,2000,1,,4,4,2
491,128,500,1,,2,2,3
179,200,1200,1,1200,1,1,2
410,188,400,2,850,2,1,3
873,60,250,2,340,2,2,4
1084,188,1000,2,1100,2,4,3
692,219,2500,2,2250,4,2,2
40,93,1000,0,,,2,1
1287,187,700,0,1500,,1,1
1485,65,1200,2,1659,3,3,2
799,387,2250,1,2250,2,1,2
1209,391,1800,1,1800,4,1,1
1282,200,1500,0,5000,,3,1
746,359,740,1,850,3,3,5
1217,240,1500,2,,1,3,3
492,116,1300,1,,3,3,3
1141,671,8000,1,10000,2,2,1
732,128,500,0,500,,1,3
647,137,900,2,2000,2,3,3
1807,142,10000,2,20000,3,1,2
1455,200,1210,1,1210,1,3,1
1400,124,1500,0,1500,,1,1
31,482,250,1,360,1,3,3
1739,201,28000,0,30000,,3,2
162,216,1200,2,1500,4,4,3
104,238,5106,1,,3,1,1
891,164,1200,1,,3,3,4
338,237,2000,2,,1,2,3
1484,675,2000,2,2000,3,2,1
752,235,5000,0,,,2,5
23,168,5000,1,,3,2,3
1647,221,500000,0,600000,,3,1
342,106,2000,0,,,2,2
1280,222,15000,2,20000,4,4,4
1035,170,1500,2,,4,3,1
1590,300,500,1,720,2,1,1
295,285,2000,2,2000,3,3,1
1756,217,5000,2,,3,3,4
70,136,3000,0,3000,,3,2
349,144,1200,1,1200,3,3,4
1030,131,6000,1,8000,3,2,3
578,553,2000,1,1000,3,3,4
221,129,1500,1,2000,2,1,2
1861,201,10000,2,20000,2,3,1
1450,72,1200,1,1659,3,3,2
483,151,3000,2,1000,2,2,3
137,1178,1800,2,1800,4,2,2
412,221,2000,0,2000,,1,2
1506,184,2000,0,2500,,3,4
678,103,4000,0,5000,,3,2
1313,278,3000,0,,,2,1
1097,179,500,2,800,3,3,5
1747,209,500,1,,3,4,2
458,167,487,1,788,2,2,3
1802,184,250,2,300,3,3,4
1415,94,223,1,327,1,1,4
1307,295,912,1,912,3,2,2
276,182,600,0,450,,2,2
513,311,1000,2,1000,3,2,2
554,93,130,0,200,,3,4
1339,222,1200,0,1250,,3,3
1073,113,650,0,,,1,2
119,134,5000,1,5000,2,1,2
592,175,750,2,770,4,4,1
1098,300,2300,1,,3,3,3
900,298,4500,2,3500,4,4,1
1597,170,320,1,200,3,2,4
1612,304,1500,2,2500,3,2,4
443,221,2500,1,1500,3,3,2
1319,162,700,1,750,3,2,2
1667,246,9000,0,8000,,3,2
1629,144,950,2,,1,2,2
436,782,2500,1,2000,2,3,3
1847,276,2500,2,,2,3,3
911,155,1200,2,1150,4,3,2
795,235,2000,2,5000,1,1,2
1099,118,600,1,,3,2,1
978,271,2200,2,,3,3,2
922,206,4500,0,3800,,2,2
782,248,4000,1,3500,4,2,1
612,88,4500,1,,2,2,4
1144,214,1200,0,1200,,3,4
1804,231,4000,1,4000,3,2,5
1532,96,300,0,300,,2,2
684,326,700,2,1400,4,2,2
1155,242,1000,0,,,2,1
416,306,5237,1,4600,1,2,2
124,271,2000,2,,2,4,1
998,151,4000,0,,,4,4
1147,160,1200,0,1500,,2,4
493,362,800,1,,4,4,2
981,243,400,1,500,1,2,2
176,114,2000,1,,2,2,2
1719,186,5000,0,5000,,3,3
1459,140,300,2,250,4,2,1
593,75,1850,0,,,2,2
1751,178,100,0,1000,,2,2
1228,359,5000,1,12000,1,2,1
285,217,3000,2,3000,3,4,3
1823,377,600,0,600,,3,2
1049,168,2200,0,2200,,2,1
457,173,2200,0,1600,,2,2
1754,106,132,1,145,2,2,2
725,197,500,0,500,,4,2
808,94,4200,2,3800,3,1,2
1290,228,2000,2,,3,4,2
1871,283,27000,1,,3,2,2
874,239,3000,2,2800,3,3,2
372,214,1000,2,,3,3,3
573,501,1400,0,1600,,1,1
1272,169,300,2,320,3,3,4
901,126,2000,0,2000,,2,2
1677,254,2000,1,2000,3,3,1
892,94,1200,1,1400,4,3,3
50,109,700,2,750,2,2,3
341,170,5000,0,,,4,3
1179,132,3000,0,2700,,3,4
521,213,4000,2,6000,3,2,4
63,84,500,0,500,,1,4
391,111,2500,1,,4,4,2
1901,181,2000,0,,,3,1
506,202,2302,1,2000,3,3,4
1250,381,860,0,1030,,3,3
850,98,1000,1,1000,1,1,1
1644,118,2000,2,2000,1,2,2
1359,240,2300,2,,4,2,1
917,138,1200,0,1150,,5,1
655,411,1100,1,,4,1,3
543,151,300,1,400,4,2,1
201,166,500,0,350,,2,3
123,1167,500,0,,,3,4
803,91,2500,2,2000,2,3,3
1878,189,1600,1,,4,3,3
1401,161,649,1,,4,4,5
865,101,2000,0,2000,,1,4
761,109,2000,2,,1,1,1
1712,180,20000,1,20000,2,3,4
1844,199,500,2,700,1,4,2
705,733,1000,1,3000,3,2,1
18,232,700,0,800,,2,2
1800,69,5000,0,5000,,3,3
219,173,1770,1,2200,3,2,1
1481,157,1400,0,1400,,3,3
1134,199,1200,2,1800,3,3,1
1567,146,450,1,,3,4,2
1520,255,700,1,1200,3,2,3
1486,85,550,1,550,3,3,3
1749,84,850,1,,3,1,2
1572,127,2500,0,2800,,3,1
1333,282,1000,1,,1,3,2
770,145,10000,2,10000,3,3,4
439,158,400,1,,3,2,2
228,270,5000,2,3000,1,2,2
1377,205,3151,1,,3,1,1
1100,144,4000,2,,4,1,2
813,241,500,2,,3,5,5
570,164,2000,0,2000,,3,2
499,103,3000,0,3000,,4,3
1791,203,2700,1,2700,3,3,3
65,200,3000,1,,2,1,3
1489,271,4000,1,,4,2,5
461,281,10000,1,5000,2,2,4
763,226,2000,1,2000,4,3,4
1261,166,809,1,750,2,3,5
1865,345,25000,2,30000,3,2,4
665,369,2104,2,2500,4,3,2
1153,454,850,2,850,4,2,1
1645,196,2500,2,1000,1,1,2
1729,321,3500,2,3500,3,3,1
30,354,1284,1,1078,4,2,1
1797,229,1300,0,1100,,2,2
159,497,20000,1,,2,2,2
1026,400,3500,0,,,2,3
1232,330,35000,1,25000,2,3,3
1398,299,1500,1,2500,2,2,1
1811,206,2500,1,2500,2,4,4
215,762,2000,2,1500,2,1,2
1475,232,3450,0,,,1,1
1745,67,3000,0,3000,,4,3
184,299,1800,2,1800,3,2,2
1002,412,600,0,567,,2,1
737,297,1400,1,1800,3,1,3
629,343,2000,2,2000,4,3,5
1291,336,600,0,600,,2,2
1785,328,1500,2,1600,1,3,3
1330,336,3000,2,3000,3,4,2
599,143,600,1,,3,2,1
1146,248,2500,0,2500,,3,3
1447,431,6000,1,8000,2,2,3
980,194,2500,2,,1,1,3
927,642,1450,1,,2,2,3
83,544,678,0,,,2,3
508,698,2000,2,2000,3,2,3
643,815,2500,1,900,2,2,4
585,484,850,1,1000,3,2,3
1382,303,12000,0,12000,,4,3
1665,335,15000,0,8000,,3,3
1387,371,4500,0,4500,,2,2
155,803,2000,2,5000,1,1,5
163,448,2500,2,1050,4,2,4
579,360,2500,1,2000,3,3,3
1397,213,1000,1,1000,3,2,1
1137,389,600,0,719,,3,1
714,510,3600,0,3600,,2,2
1187,215,2000,0,2000,,1,1
1591,145,750,1,750,4,3,1
97,139,3000,1,3000,4,2,2
668,1421,1500,0,2000,,3,3
1817,168,1100,2,1500,2,2,3
1476,249,700,2,800,1,3,1
326,282,3000,2,300,3,2,1
664,331,5500,2,,2,2,1
182,75,1500,1,1500,3,2,2
1541,1094,200000,2,20000,3,1,5
